No,Query,Intent Group,Expected (Gold),Path (RAG/OpenDomain/Fallback),Model,Rewrite Applied,TopScore,Retrieved IDs/Refs,Primary URL,Response (Raw),Tokens (in/out),Latency_ms,Label (Good/Partial/Bad/Fallback),Error Type (if any),Root Cause (expr/data/prompt/threshold/infra),Fix Type (rewrite/data/prompt/threshold/other),Action Detail,Owner,Status (todo/done),Notes
"1","보유중인 자동차를 팔고 싶은데, 어떻게 하면 좋을까요?","","","Fallback","","false","0","","","아직 학습 중이에요. 아래 메뉴에서 골라보시겠어요?","","124","Bad","","","","","","todo",""
"2","포인트는 어떻게 활용하나요?","","","Fallback","","false","0","","","아직 학습 중이에요. 아래 메뉴에서 골라보시겠어요?","","4","Bad","","","","","","todo",""
"3","폐차 의뢰 및 신청은 어떻게 하나요?","","","Fallback","","false","0","","","아직 학습 중이에요. 아래 메뉴에서 골라보시겠어요?","","5","Bad","","","","","","todo",""
"4","차량구입시 신용카드는 얼마까지 이용할 수 있나요?","","","RAG","","false","0","","https://www.hyundai.com/kr/ko/e/vehicles/catalog-price-download","차량 가격은 모델·사양·시점에 따라 달라요. 공식 홈페이지 가격표를 확인해보시겠어요?  ※ 가격·보증·프로모션은 지역/시점/사양에 따라 상이하며, 공식 경로 기준입니다.","","0","Bad","","","","","","todo",""
"5","차량구입시 신용카드는 복수의 카드로 결제가 가능한가요?","","","Fallback","","false","0","","","아직 학습 중이에요. 아래 메뉴에서 골라보시겠어요?","","5","Bad","","","","","","todo",""
"6","세이브오토 이용에 관해 알고 싶습니다.","","","Fallback","","false","0","","","아직 학습 중이에요. 아래 메뉴에서 골라보시겠어요?","","3","Bad","","","","","","todo",""
"7","차량에 부과되는 세금은 어떤 종류가 있나요?","","","Fallback","","false","0","","","아직 학습 중이에요. 아래 메뉴에서 골라보시겠어요?","","3","Bad","","","","","","todo",""
"8","신차 구매 시 타던 차량을 반납하면 신차 할인 받을 수 있나요?","","","RAG","","false","0","","https://www.hyundai.com/kr/ko/e/vehicles/catalog-price-download","차량 가격은 모델·사양·시점에 따라 달라요. 공식 홈페이지 가격표를 확인해보시겠어요?  ※ 가격·보증·프로모션은 지역/시점/사양에 따라 상이하며, 공식 경로 기준입니다.","","0","Bad","","","","","","todo",""
"9","차량구입시 의무보험료란 금액을 납부하였습니다. 이것은 어떤 종류의 보험인가요?","","","RAG","","false","0","","https://www.hyundai.com/kr/ko/e/vehicles/catalog-price-download","차량 가격은 모델·사양·시점에 따라 달라요. 공식 홈페이지 가격표를 확인해보시겠어요?  ※ 가격·보증·프로모션은 지역/시점/사양에 따라 상이하며, 공식 경로 기준입니다.","","0","Bad","","","","","","todo",""
"10","현대자동차 차량을 구입하려면 어떻게 해야하나요?","","","Fallback","","false","0","","","아직 학습 중이에요. 아래 메뉴에서 골라보시겠어요?","","5","Bad","","","","","","todo",""
"11","차량대금을 신용카드로 결제할 경우 소득공제가 가능한가요?","","","Fallback","","false","0","","","아직 학습 중이에요. 아래 메뉴에서 골라보시겠어요?","","6","Bad","","","","","","todo",""
"12","자동차 리스로 차를 구매하고 싶어요","","","Fallback","","false","0","","","아직 학습 중이에요. 아래 메뉴에서 골라보시겠어요?","","3","Bad","","","","","","todo",""
"13","현대자동차에서 중고차를 구매할 수 있나요?","","","Fallback","","false","0","","","아직 학습 중이에요. 아래 메뉴에서 골라보시겠어요?","","4","Bad","","","","","","todo",""
"14","자동차 리스에 대해 알고 싶어요","","","Fallback","","false","0","","","아직 학습 중이에요. 아래 메뉴에서 골라보시겠어요?","","4","Bad","","","","","","todo",""
"15","현대자동차 신차구입시 사용할 수 있는 포인트는 뭐가 있나요?","","","Fallback","","false","0","","","아직 학습 중이에요. 아래 메뉴에서 골라보시겠어요?","","4","Bad","","","","","","todo",""
"16","보유중인 자동차를 팔고 싶은데, 어떻게 하면 좋을까요?","","","Fallback","","false","0","","","아직 학습 중이에요. 아래 메뉴에서 골라보시겠어요?","","7","Bad","","","","","","todo",""
"17","본인 이외의 가족이 보유한 포인트를 사용할 수 있나요?","","","Fallback","","false","0","","","아직 학습 중이에요. 아래 메뉴에서 골라보시겠어요?","","7","Bad","","","","","","todo",""
"18","포인트의 유효기간은 어떻게 되나요?","","","Fallback","","false","0","","","아직 학습 중이에요. 아래 메뉴에서 골라보시겠어요?","","4","Bad","","","","","","todo",""
"19","세이브오토를 취소하려고 하는데 취소 방법은 어떻게 되나요?","","","Fallback","","false","0","","","아직 학습 중이에요. 아래 메뉴에서 골라보시겠어요?","","4","Bad","","","","","","todo",""
"20","장애인 조건으로 차량구입시 혜택을 알고 싶습니다.","","","Fallback","","false","0","","","현재 이용 가능한 혜택을 안내드릴게요.","","0","Bad","","","","","","todo",""
"21","고엽제 후유증 환자의 면세조건에 대해 알고 싶어요","","","Fallback","","false","0","","","아직 학습 중이에요. 아래 메뉴에서 골라보시겠어요?","","4","Bad","","","","","","todo",""
"22","광주민주화운동 부상자 면세조건에 대해 알고 싶습니다.","","","Fallback","","false","0","","","아직 학습 중이에요. 아래 메뉴에서 골라보시겠어요?","","5","Bad","","","","","","todo",""
"23","장애인 가족이 사망했을 경우 장애인용 LPG 차량은 어떻게 해야하나요?","","","Fallback","","false","0","","","아직 학습 중이에요. 아래 메뉴에서 골라보시겠어요?","","5","Bad","","","","","","todo",""
"24","장애인차량 구입조건에 대해 알고 싶습니다.","","","Fallback","","false","0","","","아직 학습 중이에요. 아래 메뉴에서 골라보시겠어요?","","4","Bad","","","","","","todo",""
"25","현재 장애인조건의 차량을 보유하고 있습니다. 장애인조건 차량의 추가구입이 가능하나요?","","","Fallback","","false","0","","","아직 학습 중이에요. 아래 메뉴에서 골라보시겠어요?","","8","Bad","","","","","","todo",""
"26","세이브오토 및 M포인트 차감을 통해 차량가격을 할인받았습니다. 그런데 세금계산서상 금액과 차이가 있는데 왜 그런가요?","","","RAG","","false","0","","https://www.hyundai.com/kr/ko/e/vehicles/catalog-price-download","차량 가격은 모델·사양·시점에 따라 달라요. 공식 홈페이지 가격표를 확인해보시겠어요?  ※ 가격·보증·프로모션은 지역/시점/사양에 따라 상이하며, 공식 경로 기준입니다.","","0","Bad","","","","","","todo",""
"27","차량구입에 관련된 금액은 어떠한 결제방식이 있나요?","","","RAG","","false","0","","https://www.hyundai.com/kr/ko/e/vehicles/catalog-price-download","차량 가격은 모델·사양·시점에 따라 달라요. 공식 홈페이지 가격표를 확인해보시겠어요?  ※ 가격·보증·프로모션은 지역/시점/사양에 따라 상이하며, 공식 경로 기준입니다.","","0","Bad","","","","","","todo",""
"28","차량 대금을 신용카드로 결제하려고 합니다. 계약자 이외의 다른 사람의 카드로 결제가 가능한가요?","","","Fallback","","false","0","","","아직 학습 중이에요. 아래 메뉴에서 골라보시겠어요?","","9","Bad","","","","","","todo",""
"29","할부금을 카드로 결제할 수 있나요?","","","Fallback","","false","0","","","아직 학습 중이에요. 아래 메뉴에서 골라보시겠어요?","","6","Bad","","","","","","todo",""
"30","차량 구입시 견적에 포함되는 공채매입과 할인의 차이는 무엇인가요?","","","RAG","","false","0","","https://www.hyundai.com/kr/ko/e/vehicles/catalog-price-download","차량 가격은 모델·사양·시점에 따라 달라요. 공식 홈페이지 가격표를 확인해보시겠어요?  ※ 가격·보증·프로모션은 지역/시점/사양에 따라 상이하며, 공식 경로 기준입니다.","","0","Bad","","","","","","todo",""
"31","근저당 설정이 되어 있습니다. 어떻게 해야하나요?","","","Fallback","","false","0","","","아직 학습 중이에요. 아래 메뉴에서 골라보시겠어요?","","4","Bad","","","","","","todo",""
"32","세금계산서 발급받으려고 하는데 어떻게 해야하나요?","","","Fallback","","false","0","","","아직 학습 중이에요. 아래 메뉴에서 골라보시겠어요?","","6","Bad","","","","","","todo",""
"33","차량계약 후 예상납기일에 대해 알 수 있나요?","","","Fallback","","false","0","","","아직 학습 중이에요. 아래 메뉴에서 골라보시겠어요?","","5","Bad","","","","","","todo",""
"34","차량계약 후 해지 시 계약금은 환불 받을수 있습니까?","","","Fallback","","false","0","","","아직 학습 중이에요. 아래 메뉴에서 골라보시겠어요?","","4","Bad","","","","","","todo",""
"35","차량구입시 장착되는 타이어는 선택이 가능한가요?","","","Fallback","","false","0","","","아직 학습 중이에요. 아래 메뉴에서 골라보시겠어요?","","6","Bad","","","","","","todo",""
"36","(상용) 수동재생 진행 중, 시동을 꺼도 되나요?","","","Fallback","","false","0","","","아직 학습 중이에요. 아래 메뉴에서 골라보시겠어요?","","4","Bad","","","","","","todo",""
"37","(상용) 주행 중 갑자기 엔진 출력이 떨어지면서 노킹 현상이 나타납니다. 왜 그런가요?","","","Fallback","","false","0","","","아직 학습 중이에요. 아래 메뉴에서 골라보시겠어요?","","10","Bad","","","","","","todo",""
"38","(상용) 주행 중 갑자기 시동이 꺼지는 현상이 발생합니다. 어디에 문제가 있는 것일까요?","","","Fallback","","false","0","","","아직 학습 중이에요. 아래 메뉴에서 골라보시겠어요?","","7","Bad","","","","","","todo",""
"39","(상용) 유로6차량 DPF의 자동재생은 언제 작동하나요?","","","Fallback","","false","0","","","아직 학습 중이에요. 아래 메뉴에서 골라보시겠어요?","","4","Bad","","","","","","todo",""
"40","(상용) 자동재생 도중 신호대기 및 차량 주/정차 시 재생은 어떻게 되나요?","","","Fallback","","false","0","","","아직 학습 중이에요. 아래 메뉴에서 골라보시겠어요?","","8","Bad","","","","","","todo",""
"41","(상용) 자동재생 중 아이들 RPM은 왜 높은가요?","","","Fallback","","false","0","","","아직 학습 중이에요. 아래 메뉴에서 골라보시겠어요?","","6","Bad","","","","","","todo",""
"42","(상용) 자동재생 도중 차량을 멈추고 시동을 꺼도 되나요?","","","Fallback","","false","0","","","아직 학습 중이에요. 아래 메뉴에서 골라보시겠어요?","","7","Bad","","","","","","todo",""
"43","(상용) 자동재생 돌입 가능 조건은 어떻게 되나요?","","","Fallback","","false","0","","","아직 학습 중이에요. 아래 메뉴에서 골라보시겠어요?","","5","Bad","","","","","","todo",""
"44","(상용) 수동재생은 언제 하나요?","","","Fallback","","false","0","","","아직 학습 중이에요. 아래 메뉴에서 골라보시겠어요?","","3","Bad","","","","","","todo",""
"45","(상용) 수동재생 시, 주의해야 할 사항은 무엇인가요?","","","Fallback","","false","0","","","아직 학습 중이에요. 아래 메뉴에서 골라보시겠어요?","","5","Bad","","","","","","todo",""
"46","(상용) 수동재생 후 검댕이 게이지가 남아 있어도 상관없나요?","","","Fallback","","false","0","","","아직 학습 중이에요. 아래 메뉴에서 골라보시겠어요?","","6","Bad","","","","","","todo",""
"47","(상용) 수동재생 가능 조건은 어떻게 되나요?","","","Fallback","","false","0","","","아직 학습 중이에요. 아래 메뉴에서 골라보시겠어요?","","5","Bad","","","","","","todo",""
"48","(상용 특장) 엑시언트 덤프차량 판 스프링 보증기간이 어떻게 되나요?","","","RAG","","false","0","","https://www.hyundai.com/kr/ko/purchase-event/policy-Information/warranty/normal-period","현대자동차 보증기간은 차종·부품별로 다릅니다. 기본 보증 안내를 열어드릴까요?  ※ 가격·보증·프로모션은 지역/시점/사양에 따라 상이하며, 공식 경로 기준입니다.","","0","Bad","","","","","","todo",""
"49","(상용 특장) 특장 어퍼바디 장착 작업 시 기술적인 지원이나 관련 자료가 필요한 경우가 많이 있습니다. 어디로 문의를 드리면 되나요?","","","Fallback","","false","0","","","자주 묻는 질문을 모아봤어요.","","0","Bad","","","","","","todo",""
"50","(상용 특장) 법인명의지입, 개인사업자, 특장업체 출고 차량은 어떻게 등록하나요?","","","Fallback","","false","0","","","아직 학습 중이에요. 아래 메뉴에서 골라보시겠어요?","","7","Bad","","","","","","todo",""
"51","정비 예약 확인/취소는 어떻게 하나요?","","","Fallback","","false","0","","","아직 학습 중이에요. 아래 메뉴에서 골라보시겠어요?","","5","Bad","","","","","","todo",""
"52","정비관련 업체구분은 어떻게 하나요?","","","Fallback","","false","0","","","센터 관련해서 무엇을 도와드릴까요?","","0","Bad","","","","","","todo",""
"53","차량의 연비가 안 좋은데 어떻게 해야 하지요?","","","Fallback","","false","0","","","아직 학습 중이에요. 아래 메뉴에서 골라보시겠어요?","","5","Bad","","","","","","todo",""
"54","인터넷으로 정비예약은 어떻게 하는건가요?","","","Fallback","","false","0","","","아직 학습 중이에요. 아래 메뉴에서 골라보시겠어요?","","5","Bad","","","","","","todo",""
"55","탬퍼러리 타이어(임시타이어)를 적용하는 이유가 뭔가요?","","","Fallback","","false","0","","","아직 학습 중이에요. 아래 메뉴에서 골라보시겠어요?","","4","Bad","","","","","","todo",""
"56","자동차에서 소음이 생기는 경우, 리콜을 받을 수 있나요?","","","Fallback","","false","0","","","아직 학습 중이에요. 아래 메뉴에서 골라보시겠어요?  ※ 가격·보증·프로모션은 지역/시점/사양에 따라 상이하며, 공식 경로 기준입니다.","","5","Bad","","","","","","todo",""
"57","에어백은 언제 터지나요? 에어백의 작동 조건을 알고 싶습니다.","","","Fallback","","false","0","","","아직 학습 중이에요. 아래 메뉴에서 골라보시겠어요?","","5","Bad","","","","","","todo",""
"58","에어백을 장착하는 것이 오히려 사고시 위험하다는 이야기가 있던데, 정말인가요?","","","Fallback","","false","0","","","아직 학습 중이에요. 아래 메뉴에서 골라보시겠어요?","","7","Bad","","","","","","todo",""
"59","냉매량이 부족한지 에어컨 냉방성능이 떨어진 것 같습니다. 어떻게 하면 좋을까요?","","","Fallback","","false","0","","","아직 학습 중이에요. 아래 메뉴에서 골라보시겠어요?","","6","Bad","","","","","","todo",""
"60","오랜만에 에어컨을 켰는데, 냄새가 납니다. 어떻게 청소하면 좋을까요?","","","Fallback","","false","0","","","아직 학습 중이에요. 아래 메뉴에서 골라보시겠어요?","","5","Bad","","","","","","todo",""
"61","겨울철 창문에 생기는 김서림, 신속히 제거하는 방법이 없을까요?","","","Fallback","","false","0","","","아직 학습 중이에요. 아래 메뉴에서 골라보시겠어요?","","6","Bad","","","","","","todo",""
"62","자동변속기 차량의 HOLD, O/D OFF 버튼은 어떤 때 써야 합니까?","","","Fallback","","false","0","","","아직 학습 중이에요. 아래 메뉴에서 골라보시겠어요?","","6","Bad","","","","","","todo",""
"63","블루투스 등록 방법","","","Fallback","","false","0","","","아직 학습 중이에요. 아래 메뉴에서 골라보시겠어요?","","2","Bad","","","","","","todo",""
"64","차량별 와이퍼 사이즈,핸들사이즈,전구 규격 사이즈 문의","","","Fallback","","false","0","","","자주 묻는 질문을 모아봤어요.","","0","Bad","","","","","","todo",""
"65","타이밍벨트 체인 적용 여부 문의","","","Fallback","","false","0","","","자주 묻는 질문을 모아봤어요.","","0","Bad","","","","","","todo",""
"66","여름철에 세차시 헤드램프에 습기가 차요!","","","Fallback","","false","0","","","아직 학습 중이에요. 아래 메뉴에서 골라보시겠어요?","","5","Bad","","","","","","todo",""
"67","빗길을 운행 후 헤드램프에 습기가 차요!","","","Fallback","","false","0","","","아직 학습 중이에요. 아래 메뉴에서 골라보시겠어요?","","5","Bad","","","","","","todo",""
"68","제 차량의 연료탱크 용량 70리터인데 주유를 하면 77리터 정도가 더 들어가요. 왜그런건가요? (공칭용량) 팽창공간 문의","","","Fallback","","false","0","","","자주 묻는 질문을 모아봤어요.","","0","Bad","","","","","","todo",""
"69","스마트키 차량인데요. 중립 주차를 하려는데 N단에서 시동을 꺼도 꺼지지가 않는데 다른 방법이 있나요?","","","Fallback","","false","0","","","아직 학습 중이에요. 아래 메뉴에서 골라보시겠어요?","","7","Bad","","","","","","todo",""
"70","여름철마다 냉매를 교환해야 하나요?","","","Fallback","","false","0","","","아직 학습 중이에요. 아래 메뉴에서 골라보시겠어요?","","5","Bad","","","","","","todo",""
"71","에어컨 성능을 향상시키는 방법 안내","","","Fallback","","false","0","","","아직 학습 중이에요. 아래 메뉴에서 골라보시겠어요?","","6","Bad","","","","","","todo",""
"72","길이 미끄러워서 바퀴에 체인을 사용하려고 하는데요 어디에 감아야 하나요?","","","Fallback","","false","0","","","아직 학습 중이에요. 아래 메뉴에서 골라보시겠어요?","","7","Bad","","","","","","todo",""
"73","계기판에 수도꼭지 모양(엔진체크경고등)의 경고등이 떠요.","","","Fallback","","false","0","","","아직 학습 중이에요. 아래 메뉴에서 골라보시겠어요?","","7","Bad","","","","","","todo",""
"74","연료부족경고등 점등 후 몇 키로 운행 가능한지요.","","","Fallback","","false","0","","","아직 학습 중이에요. 아래 메뉴에서 골라보시겠어요?","","6","Bad","","","","","","todo",""
"75","도어 커티쉬램프 타입 문의","","","Fallback","","false","0","","","자주 묻는 질문을 모아봤어요.","","0","Bad","","","","","","todo",""
"76","실 운행자 등록 방법은 어떻게 되나요?","","","Fallback","","false","0","","","아직 학습 중이에요. 아래 메뉴에서 골라보시겠어요?","","12","Bad","","","","","","todo",""
"77","차량을 판매한 경우 어떻게 하나요?","","","Fallback","","false","0","","","아직 학습 중이에요. 아래 메뉴에서 골라보시겠어요?","","7","Bad","","","","","","todo",""
"78","내 차가 아닌 다른 차량이 보입니다.","","","Fallback","","false","0","","","아직 학습 중이에요. 아래 메뉴에서 골라보시겠어요?","","10","Bad","","","","","","todo",""
"79","실 운행자 등록 시 사용 가능한 기능은 무엇인가요?","","","Fallback","","false","0","","","아직 학습 중이에요. 아래 메뉴에서 골라보시겠어요?","","8","Bad","","","","","","todo",""
"80","내 차 정보가 안 보여요.","","","Fallback","","false","0","","","아직 학습 중이에요. 아래 메뉴에서 골라보시겠어요?","","4","Bad","","","","","","todo",""
"81","취급설명서는 어디서 다운 받나요?","","","Fallback","","false","0","","","아직 학습 중이에요. 아래 메뉴에서 골라보시겠어요?","","5","Bad","","","","","","todo",""
"82","내비게이션 시스템 업그레이드는 어디서 하나요?","","","Fallback","","false","0","","","아직 학습 중이에요. 아래 메뉴에서 골라보시겠어요?","","5","Bad","","","","","","todo",""
"83","계정 통합 시, 선택하지 않은 계정은 어떻게 되나요? 가입 정보 (이름, 생년월일 등)도 통합되나요?","","","Fallback","","false","0","","","아직 학습 중이에요. 아래 메뉴에서 골라보시겠어요?","","11","Bad","","","","","","todo",""
"84","저는 5개 ID를 가지고 있는데, 계정 통합 화면에는 왜 2개 ID만 표시되는 건가요?","","","Fallback","","false","0","","","아직 학습 중이에요. 아래 메뉴에서 골라보시겠어요?","","7","Bad","","","","","","todo",""
"85","기존에 이미 사용하고 있던 ID인데, 왜 다시 본인 인증과 계정 통합을 해야 하나요?","","","Fallback","","false","0","","","아직 학습 중이에요. 아래 메뉴에서 골라보시겠어요?","","9","Bad","","","","","","todo",""
"86","이메일 인증 받지 않으면 가입이 안 되는 건가요? 가입 절차가 너무 번거롭습니다.","","","Fallback","","false","0","","","아직 학습 중이에요. 아래 메뉴에서 골라보시겠어요?","","6","Bad","","","","","","todo",""
"87","이미 가입되어 있는 ID가 있다고 하는데, 아이디를 바꾸고 싶어요. (사용하지 않는 ID, 퇴사한 회사의 ID 등)","","","Fallback","","false","0","","","아직 학습 중이에요. 아래 메뉴에서 골라보시겠어요?","","9","Bad","","","","","","todo",""
"88","본인 명의 폰도 없고, 아이핀 발급받기 번거로운데 꼭 본인인증을 받아야 하나요?","","","Fallback","","false","0","","","아직 학습 중이에요. 아래 메뉴에서 골라보시겠어요?","","8","Bad","","","","","","todo",""
"89","""예상하지 못한 오류가 발생했습니다."" 메시지가 표시됩니다.","","","Fallback","","false","0","","","아직 학습 중이에요. 아래 메뉴에서 골라보시겠어요?","","6","Bad","","","","","","todo",""
"90","현대닷컴 로그인 계정을 변경하고 싶습니다.","","","Fallback","","false","0","","","아직 학습 중이에요. 아래 메뉴에서 골라보시겠어요?","","6","Bad","","","","","","todo",""
"91","휴대폰 인증 SMS가 오지 않습니다.","","","Fallback","","false","0","","","아직 학습 중이에요. 아래 메뉴에서 골라보시겠어요?","","17","Bad","","","","","","todo",""
"92","로그인 시 비밀번호가 맞지 않다고 합니다.","","","Fallback","","false","0","","","아직 학습 중이에요. 아래 메뉴에서 골라보시겠어요?","","9","Bad","","","","","","todo",""
"93","로그인 시 다른 계정으로 로그인하라고 나옵니다.","","","Fallback","","false","0","","","아직 학습 중이에요. 아래 메뉴에서 골라보시겠어요?","","7","Bad","","","","","","todo",""
"94","준회원은 왜 폐지되었나요. 기존 ID를 사용하지 못하는 이유는 무엇인가요?","","","Fallback","","false","0","","","아직 학습 중이에요. 아래 메뉴에서 골라보시겠어요?","","9","Bad","","","","","","todo",""
"95","회원가입을 해야만 현대닷컴을 이용할 수 있나요?","","","Fallback","","false","0","","","아직 학습 중이에요. 아래 메뉴에서 골라보시겠어요?","","6","Bad","","","","","","todo",""
"96","회원탈퇴 및 재가입을 원할때는 어떻게 해야 하나요?","","","Fallback","","false","0","","","아직 학습 중이에요. 아래 메뉴에서 골라보시겠어요?","","5","Bad","","","","","","todo",""
"97","비밀번호 및 개인정보를 변경하고 싶을때는 어떻게 해야 하나요?","","","Fallback","","false","0","","","아직 학습 중이에요. 아래 메뉴에서 골라보시겠어요?","","5","Bad","","","","","","todo",""
"98","‘인터넷 멤버스클럽’은 어떤 서비스인가요?","","","Fallback","","false","0","","","센터 관련해서 무엇을 도와드릴까요?","","0","Bad","","","","","","todo",""
"99","‘인터넷 멤버스클럽’은 언제부터 시작했나요?","","","Fallback","","false","0","","","아직 학습 중이에요. 아래 메뉴에서 골라보시겠어요?","","4","Bad","","","","","","todo",""
"100","‘인터넷 멤버스클럽’ 서비스는 누구에게 제공됩니까?","","","Fallback","","false","0","","","센터 관련해서 무엇을 도와드릴까요?","","0","Bad","","","","","","todo",""
"101","‘인터넷 멤버스클럽’ 서비스 신청은 어떻게 합니까?","","","Fallback","","false","0","","","센터 관련해서 무엇을 도와드릴까요?","","0","Bad","","","","","","todo",""
"102","‘인터넷 멤버스클럽’ 서비스를 신청하면, 어떤 서비스를 받을 수 있나요?","","","Fallback","","false","0","","","센터 관련해서 무엇을 도와드릴까요?","","1","Bad","","","","","","todo",""
"103","현대자동차 홈페이지에 있는 저작물 사용시 어떤 제한을 받습니까?","","","Fallback","","false","0","","","무엇을 도와드릴까요? 현대차 디지털 쇼룸입니다.","","0","Bad","","","","","","todo",""
"104","제품 카달로그나 설명서의 내용을 사용해도 되는지 궁금합니다.","","","Fallback","","false","0","","","아직 학습 중이에요. 아래 메뉴에서 골라보시겠어요?","","5","Bad","","","","","","todo",""
"105","현대자동차 저작물 사용에 대해서 자세한 내용을 알려주십시오..","","","Fallback","","false","0","","","아직 학습 중이에요. 아래 메뉴에서 골라보시겠어요?","","5","Bad","","","","","","todo",""
"106","아이디와 패스워드를 분실하였습니다.","","","Fallback","","false","0","","","아직 학습 중이에요. 아래 메뉴에서 골라보시겠어요?","","3","Bad","","","","","","todo",""
"107","[바디케어 서비스] 출고 이후에, 가입 상품을 변경하는 것이 가능할까요?","","","Fallback","","false","0","","","센터 관련해서 무엇을 도와드릴까요?","","0","Bad","","","","","","todo",""
"108","[바디케어 서비스] 서비스 가입 후 사고가 발생하지 않아 보장을 받지 않은 경우라면, 포인트는 다시 환불받을 수 있을까요?","","","Fallback","","false","0","","","센터 관련해서 무엇을 도와드릴까요?","","0","Bad","","","","","","todo",""
"109","[바디케어 서비스] 적립 예정 포인트가 부족한 경우 어떻게 하나요?","","","Fallback","","false","0","","","센터 관련해서 무엇을 도와드릴까요?","","0","Bad","","","","","","todo",""
"110","[바디케어 서비스] 해약 하고 싶습니다. 어떻게 해야 하나요?","","","Fallback","","false","0","","","센터 관련해서 무엇을 도와드릴까요?","","0","Bad","","","","","","todo",""
"111","[바디케어 서비스] 가입은 어떻게 하나요?","","","Fallback","","false","0","","","센터 관련해서 무엇을 도와드릴까요?","","0","Bad","","","","","","todo",""
"112","포인트의 유효기간은 어떻게 되나요?","","","Fallback","","false","0","","","아직 학습 중이에요. 아래 메뉴에서 골라보시겠어요?","","4","Bad","","","","","","todo",""
"113","블루멤버스 포인트 양도 절차가 어떻게 되나요?","","","Fallback","","false","0","","","아직 학습 중이에요. 아래 메뉴에서 골라보시겠어요?","","6","Bad","","","","","","todo",""
"114","블루멤버스 포인트 적립 시점은 언제인가요?","","","Fallback","","false","0","","","아직 학습 중이에요. 아래 메뉴에서 골라보시겠어요?","","4","Bad","","","","","","todo",""
"115","회원 가입 절차 없이 포인트를 받을 수는 없나요?","","","Fallback","","false","0","","","아직 학습 중이에요. 아래 메뉴에서 골라보시겠어요?","","6","Bad","","","","","","todo",""
"116","블루멤버스 회원 가입 후 카드 발급은 언제 되나요?","","","Fallback","","false","0","","","아직 학습 중이에요. 아래 메뉴에서 골라보시겠어요?","","7","Bad","","","","","","todo",""
"117","블루멤버스가 뭔가요?","","","Fallback","","false","0","","","아직 학습 중이에요. 아래 메뉴에서 골라보시겠어요?","","3","Bad","","","","","","todo",""
"118","모젠 서비스에 오류가 있을 때에는 어떻게 하나요?","","","Fallback","","false","0","","","센터 관련해서 무엇을 도와드릴까요?","","1","Bad","","","","","","todo",""
"119","보증 수리기간이 어떻게 되나요?","","","RAG","","false","0","","https://www.hyundai.com/kr/ko/purchase-event/policy-Information/warranty/normal-period","현대자동차 보증기간은 차종·부품별로 다릅니다. 기본 보증 안내를 열어드릴까요?  ※ 가격·보증·프로모션은 지역/시점/사양에 따라 상이하며, 공식 경로 기준입니다.","","0","Bad","","","","","","todo",""
"120","ACC ON시에 바로 화면이 표시되지 않습니다.","","","Fallback","","false","0","","","아직 학습 중이에요. 아래 메뉴에서 골라보시겠어요?","","3","Bad","","","","","","todo",""
"121","사용도중 단말기가 갑자기 중지되거나, 버튼을 입력해도 말을 듣지 않습니다.","","","Fallback","","false","0","","","아직 학습 중이에요. 아래 메뉴에서 골라보시겠어요?","","10","Bad","","","","","","todo",""
"122","단말기 모델 및 일련번호는 어디서 확인하나요?","","","Fallback","","false","0","","","아직 학습 중이에요. 아래 메뉴에서 골라보시겠어요?","","5","Bad","","","","","","todo",""
"123","차안에서 음악을 듣는 데, 자꾸 길안내 방송이 나와서 신경을 쓰이게 합니다.","","","Fallback","","false","0","","","저는 현대자동차 차량/서비스 안내 전용 챗봇이에요. 관련 질문을 주시면 더 정확히 도와드릴 수 있어요.","","0","Bad","","","","","","todo",""
"124","GPS 수신이 안됩니다. 어떻게 하나요?","","","Fallback","","false","0","","","아직 학습 중이에요. 아래 메뉴에서 골라보시겠어요?","","4","Bad","","","","","","todo",""
"125","내비게이션의 지도 업그레이드는 어떻게 하나요?","","","Fallback","","false","0","","","아직 학습 중이에요. 아래 메뉴에서 골라보시겠어요?","","6","Bad","","","","","","todo",""
"126","단말기만 별도로 충전을 해줘야 하나요?","","","Fallback","","false","0","","","어떤 정보를 원하세요?","","0","Bad","","","","","","todo",""
"127","단말기의 벨소리를 다운로드 받을 수 있나요?","","","Fallback","","false","0","","","아직 학습 중이에요. 아래 메뉴에서 골라보시겠어요?","","5","Bad","","","","","","todo",""
"128","단말기로 전화가 왔을때 전화를 받고 싶지 않다면 어떻게 해야하나요?","","","Fallback","","false","0","","","아직 학습 중이에요. 아래 메뉴에서 골라보시겠어요?","","33","Bad","","","","","","todo",""
"129","주행 중에는 단말기 조작이 안되나요?","","","Fallback","","false","0","","","아직 학습 중이에요. 아래 메뉴에서 골라보시겠어요?","","8","Bad","","","","","","todo",""
"130","단말기는 어디에서 판매 하나요?","","","Fallback","","false","0","","","아직 학습 중이에요. 아래 메뉴에서 골라보시겠어요?","","5","Bad","","","","","","todo",""
"131","지상파DMB 시청이 가능한 모젠 단말기의 수신지역은 어떻게 되나요?","","","Fallback","","false","0","","","아직 학습 중이에요. 아래 메뉴에서 골라보시겠어요?","","10","Bad","","","","","","todo",""
"132","월 중에 요금제를 변경하면 요금이 어떻게 청구되나요?","","","Fallback","","false","0","","","아직 학습 중이에요. 아래 메뉴에서 골라보시겠어요?","","5","Bad","","","","","","todo",""
"133","요금제 변경은 어떻게 하나요?","","","Fallback","","false","0","","","아직 학습 중이에요. 아래 메뉴에서 골라보시겠어요?","","10","Bad","","","","","","todo",""
"134","요금 미납을 했을 경우 가산금은 몇%인가요?","","","Fallback","","false","0","","","아직 학습 중이에요. 아래 메뉴에서 골라보시겠어요?","","10","Bad","","","","","","todo",""
"135","혹시 길안내 서비스를 받으면, 길안내를 하는 동안 계속해서 이용 요금이 발생하는 것은 아닌가요?","","","Fallback","","false","0","","","센터 관련해서 무엇을 도와드릴까요?","","0","Bad","","","","","","todo",""
"136","음성통화료와 데이터 요금은 무엇인가요?","","","Fallback","","false","0","","","아직 학습 중이에요. 아래 메뉴에서 골라보시겠어요?","","8","Bad","","","","","","todo",""
"137","모젠 요금제는 어떤 종류가 있나요?","","","Fallback","","false","0","","","아직 학습 중이에요. 아래 메뉴에서 골라보시겠어요?","","5","Bad","","","","","","todo",""
"138","인증 비밀번호 변경은 어떻게 하나요?","","","Fallback","","false","0","","","아직 학습 중이에요. 아래 메뉴에서 골라보시겠어요?","","5","Bad","","","","","","todo",""
"139","서비스를 해지하려면 어떻게 해야 하나요?","","","Fallback","","false","0","","","센터 관련해서 무엇을 도와드릴까요?","","0","Bad","","","","","","todo",""
"140","차량을 타인에게 양도할 때는 어떻게 해야 하나요?","","","Fallback","","false","0","","","아직 학습 중이에요. 아래 메뉴에서 골라보시겠어요?","","6","Bad","","","","","","todo",""
"141","자동차를 바꿀 경우에는 어떻게 해야하나요?","","","Fallback","","false","0","","","아직 학습 중이에요. 아래 메뉴에서 골라보시겠어요?","","7","Bad","","","","","","todo",""
"142","모젠 서비스 해지 시 필요한 서류는 무엇인가요?","","","Fallback","","false","0","","","센터 관련해서 무엇을 도와드릴까요?","","0","Bad","","","","","","todo",""
"143","모젠 서비스를 해지 후 단말기 사용은 전혀 불가능 한가요? 해지해도 사용할 수 있는 기능이 있나요?","","","Fallback","","false","0","","","센터 관련해서 무엇을 도와드릴까요?","","0","Bad","","","","","","todo",""
"144","모젠단말기의 전화번호는 변경이 가능한가요?","","","Fallback","","false","0","","","아직 학습 중이에요. 아래 메뉴에서 골라보시겠어요?","","5","Bad","","","","","","todo",""
"145","각종 변경 사항이나 문의는 어떻게 해야 하나요?","","","Fallback","","false","0","","","자주 묻는 질문을 모아봤어요.","","0","Bad","","","","","","todo",""
"146","가입, 변경,해지 처리는 전화로 가능한가요?","","","Fallback","","false","0","","","아직 학습 중이에요. 아래 메뉴에서 골라보시겠어요?","","6","Bad","","","","","","todo",""
"147","자동차를 인수 받는 즉시 바로 모젠 서비스를 이용할 수 있나요?","","","Fallback","","false","0","","","센터 관련해서 무엇을 도와드릴까요?","","0","Bad","","","","","","todo",""
"148","서비스 개통시 반드시 정해진 이동통신 사업자번호를 받아야만 하나요? 다른 사업자번호로 개통할 수는 없나요?","","","Fallback","","false","0","","","센터 관련해서 무엇을 도와드릴까요?","","0","Bad","","","","","","todo",""
"149","이동통신 대리점에서도 서비스 가입을 할 수 있나요?","","","Fallback","","false","0","","","가까운 서비스센터 몇 곳을 보여드려요.","","1","Bad","","","","","","todo",""
"150","모젠 서비스에 가입하려면 어떻게 해야 하나요?","","","Fallback","","false","0","","","센터 관련해서 무엇을 도와드릴까요?","","0","Bad","","","","","","todo",""
"151","현재 쓰고 있는 핸드폰 번호를 단말기 전화번호와 동일한 번호로 사용할 수 있나요?","","","Fallback","","false","0","","","아직 학습 중이에요. 아래 메뉴에서 골라보시겠어요?","","8","Bad","","","","","","todo",""
"152","현대자동차에서 판매하는 모든 차종에 모젠 단말기 장착이 가능한가요?","","","Fallback","","false","0","","","아직 학습 중이에요. 아래 메뉴에서 골라보시겠어요?","","7","Bad","","","","","","todo",""
"153","텔레매틱스가 무엇 인가요?","","","Fallback","","false","0","","","아직 학습 중이에요. 아래 메뉴에서 골라보시겠어요?","","6","Bad","","","","","","todo",""
"154","지금 타고 있는 차량에 모젠 단말기 장착이 가능한가요?","","","Fallback","","false","0","","","아직 학습 중이에요. 아래 메뉴에서 골라보시겠어요?","","7","Bad","","","","","","todo",""
"155","모젠이 무슨 뜻인가요?","","","Fallback","","false","0","","","아직 학습 중이에요. 아래 메뉴에서 골라보시겠어요?","","5","Bad","","","","","","todo",""
"156","모젠 센터의 운영 시간은 어떻게 되나요?","","","Fallback","","false","0","","","센터 관련해서 무엇을 도와드릴까요?","","3","Bad","","","","","","todo",""
"157","주차장에 차를 어디에 세워두었는지 도저히 찾을 수가 없습니다. 내 차의 주차 위치를 알 수 있을까요?","","","Fallback","","false","0","","","아직 학습 중이에요. 아래 메뉴에서 골라보시겠어요?","","10","Bad","","","","","","todo",""
"158","집에 가려고 ‘양재동 366-3번지’라고 말하니까 인식이 안됩니다.","","","Fallback","","false","0","","","아직 학습 중이에요. 아래 메뉴에서 골라보시겠어요?","","12","Bad","","","","","","todo",""
"159","음성 인식이 계속 안됩니다.","","","Fallback","","false","0","","","아직 학습 중이에요. 아래 메뉴에서 골라보시겠어요?","","3","Bad","","","","","","todo",""
"160","모젠 음성인식서비스에는 어떤 것들이 있나요?(이용방법,부가요금)","","","Fallback","","false","0","","","센터 관련해서 무엇을 도와드릴까요?","","0","Bad","","","","","","todo",""
"161","유무선 연동 서비스와 동기화가 무엇인가요?","","","Fallback","","false","0","","","센터 관련해서 무엇을 도와드릴까요?","","0","Bad","","","","","","todo",""
"162","위험지역알림 DATA의 업데이트 주기는 어떻게 되나요?","","","Fallback","","false","0","","","아직 학습 중이에요. 아래 메뉴에서 골라보시겠어요?","","6","Bad","","","","","","todo",""
"163","위험지역 알림 서비스를 받기 위해서는 별도의 이용료가 있나요?","","","Fallback","","false","0","","","센터 관련해서 무엇을 도와드릴까요?","","0","Bad","","","","","","todo",""
"164","위험지역 DATA 업데이트는 어떻게 하나요?","","","Fallback","","false","0","","","아직 학습 중이에요. 아래 메뉴에서 골라보시겠어요?","","5","Bad","","","","","","todo",""
"165","원격진단 서비스는 어떻게 제공되나요?","","","Fallback","","false","0","","","센터 관련해서 무엇을 도와드릴까요?","","0","Bad","","","","","","todo",""
"166","원격진단 서비스는 모젠 서비스에 가입하지 않아도 이용할 수 있나요?","","","Fallback","","false","0","","","센터 관련해서 무엇을 도와드릴까요?","","0","Bad","","","","","","todo",""
"167","자동차 키를 차 안에 두고 내렸습니다. 차 문을 모젠이 열어줄 수 있나요?","","","Fallback","","false","0","","","아직 학습 중이에요. 아래 메뉴에서 골라보시겠어요?","","11","Bad","","","","","","todo",""
"168","에어백이 터지면 어떤 서비스가 제공되나요?","","","Fallback","","false","0","","","센터 관련해서 무엇을 도와드릴까요?","","0","Bad","","","","","","todo",""
"169","소모품 관리 서비스도 모젠 서비스에 가입해야만 이용이 가능한가요?","","","Fallback","","false","0","","","센터 관련해서 무엇을 도와드릴까요?","","0","Bad","","","","","","todo",""
"170","상담원이 상세한 교통정보를 제공해 주지 못합니다.","","","Fallback","","false","0","","","아직 학습 중이에요. 아래 메뉴에서 골라보시겠어요?","","6","Bad","","","","","","todo",""
"171","상담원을 통해서 받을 수 있는 서비스는 무엇인가요?","","","Fallback","","false","0","","","센터 관련해서 무엇을 도와드릴까요?","","0","Bad","","","","","","todo",""
"172","등록한 배경화면은 어떻게 볼 수 있나요?","","","Fallback","","false","0","","","아직 학습 중이에요. 아래 메뉴에서 골라보시겠어요?","","5","Bad","","","","","","todo",""
"173","가족 사진으로 배경화면 설정을 할 수 있나요?","","","Fallback","","false","0","","","아직 학습 중이에요. 아래 메뉴에서 골라보시겠어요?","","6","Bad","","","","","","todo",""
"174","무선인터넷으로 다른 인터넷 사이트에 접속할 수 있나요?","","","Fallback","","false","0","","","아직 학습 중이에요. 아래 메뉴에서 골라보시겠어요?","","8","Bad","","","","","","todo",""
"175","차량을 잃어버려 급하게 연락했는데, 본인확인 절차가 까다롭고 시간을 낭비하는 등 차량을 찾을 수 없었습니다.","","","Fallback","","false","0","","","아직 학습 중이에요. 아래 메뉴에서 골라보시겠어요?","","10","Bad","","","","","","todo",""
"176","도난 추적 서비스 요청을 했는데, 차량회수가 안된다고 합니다.","","","Fallback","","false","0","","","센터 관련해서 무엇을 도와드릴까요?","","0","Bad","","","","","","todo",""
"177","도난 추적 서비스 요청은 어떻게 해야 하나요?","","","Fallback","","false","0","","","센터 관련해서 무엇을 도와드릴까요?","","0","Bad","","","","","","todo",""
"178","도난 신고접수는 언제든지 가능한가요?","","","Fallback","","false","0","","","아직 학습 중이에요. 아래 메뉴에서 골라보시겠어요?","","3","Bad","","","","","","todo",""
"179","도난 경보 알림 서비스는 어떻게 제공되나요?","","","Fallback","","false","0","","","센터 관련해서 무엇을 도와드릴까요?","","0","Bad","","","","","","todo",""
"180","현재 내 차의 위치를 정확하게 친구에게 알려줄 수도 있나요?","","","Fallback","","false","0","","","아직 학습 중이에요. 아래 메뉴에서 골라보시겠어요?","","6","Bad","","","","","","todo",""
"181","혼잡통행료 징수시간에 (남산 1,3호터널)로 자꾸 안내하는 데 우회도로로는 안내가 안되나요?","","","Fallback","","false","0","","","아직 학습 중이에요. 아래 메뉴에서 골라보시겠어요?","","10","Bad","","","","","","todo",""
"182","예상 도착시각이 안 맞습니다.","","","Fallback","","false","0","","","아직 학습 중이에요. 아래 메뉴에서 골라보시겠어요?","","6","Bad","","","","","","todo",""
"183","연료절약 길안내를 이용하면 어떤 효과가 있나요?","","","Fallback","","false","0","","","아직 학습 중이에요. 아래 메뉴에서 골라보시겠어요?","","5","Bad","","","","","","todo",""
"184","연료절약 길안내가 뭔가요?","","","Fallback","","false","0","","","아직 학습 중이에요. 아래 메뉴에서 골라보시겠어요?","","4","Bad","","","","","","todo",""
"185","목적지의 명칭오류,누락,수정건이 있는 경우에 수정이 가능한가요?","","","Fallback","","false","0","","","아직 학습 중이에요. 아래 메뉴에서 골라보시겠어요?","","7","Bad","","","","","","todo",""
"186","길안내를 받으면서 전화통화를 할 수 있나요?","","","Fallback","","false","0","","","아직 학습 중이에요. 아래 메뉴에서 골라보시겠어요?","","8","Bad","","","","","","todo",""
"187","길안내 서비스를 받아서 목적지까지 갔는 데, 사고로 막혀서 오래 걸렸습니다.","","","Fallback","","false","0","","","센터 관련해서 무엇을 도와드릴까요?","","0","Bad","","","","","","todo",""
"188","가까운 길을 두고 돌아가는 길로 안내하는 경우가 종종 있는데, 이유가 뭔가요?","","","Fallback","","false","0","","","가까운 서비스센터 몇 곳을 보여드려요.","","0","Bad","","","","","","todo",""
"189","전국의 교통정보를 다 조회해 볼 수 있나요?","","","Fallback","","false","0","","","아직 학습 중이에요. 아래 메뉴에서 골라보시겠어요?","","10","Bad","","","","","","todo",""
"190","현대 긴급 출동봉사반에서 와서 시동을 걸어주었는데, 돈을 내라고 합니다.","","","Fallback","","false","0","","","아직 학습 중이에요. 아래 메뉴에서 골라보시겠어요?","","30","Bad","","","","","","todo",""
"191","출동 요원이 견인을 하면서 특수 장비가 필요하다며 추가요금을 부담하라고 합니다.","","","Fallback","","false","0","","","아직 학습 중이에요. 아래 메뉴에서 골라보시겠어요?","","8","Bad","","","","","","todo",""
"192","자동차전용도로(올림픽도로, 강변북로 등)에서 휘발유가 떨어졌는데 긴급주유서비스는 안되고 견인을 해야합니다.","","","Fallback","","false","0","","","센터 관련해서 무엇을 도와드릴까요?","","0","Bad","","","","","","todo",""
"193","SOS 서비스로 긴급출동을 요청했을 경우 제공받을수 있는 서비스는 어떤것이 있나요?","","","Fallback","","false","0","","","센터 관련해서 무엇을 도와드릴까요?","","0","Bad","","","","","","todo",""
"194","[서비스] 블루링크를 가입하면 어떤 서비스가 제공되나요?","","","Fallback","","false","0","","","센터 관련해서 무엇을 도와드릴까요?","","1","Bad","","","","","","todo",""
"195","[A/S] 블루링크 서비스 이용 시 오류가 발생합니다.","","","Fallback","","false","0","","","센터 관련해서 무엇을 도와드릴까요?","","0","Bad","","","","","","todo",""
"196","[A/S] 원격 공조 제어 서비스를 사용했는데 계속 비상등이 켜져 깜박입니다.","","","Fallback","","false","0","","","센터 관련해서 무엇을 도와드릴까요?","","0","Bad","","","","","","todo",""
"197","[A/S] GPS 수신이 안됩니다.","","","RAG","","false","0","","https://www.hyundai.com/kr/ko/purchase-event/policy-Information/warranty/normal-period","현대자동차 보증기간은 차종·부품별로 다릅니다. 기본 보증 안내를 열어드릴까요?  ※ 가격·보증·프로모션은 지역/시점/사양에 따라 상이하며, 공식 경로 기준입니다.","","0","Bad","","","","","","todo",""
"198","[A/S] 주행 중에 시스템 조작이 안됩니다.","","","RAG","","false","0","","https://www.hyundai.com/kr/ko/purchase-event/policy-Information/warranty/normal-period","현대자동차 보증기간은 차종·부품별로 다릅니다. 기본 보증 안내를 열어드릴까요?  ※ 가격·보증·프로모션은 지역/시점/사양에 따라 상이하며, 공식 경로 기준입니다.","","0","Bad","","","","","","todo",""
"199","[요금제] 블루링크 유료 요금제가 어떻게 되나요?","","","Fallback","","false","0","","","아직 학습 중이에요. 아래 메뉴에서 골라보시겠어요?","","6","Bad","","","","","","todo",""
"200","[요금제] 요금 미납을 했을 경우 가산금은 몇%인가요?","","","Fallback","","false","0","","","아직 학습 중이에요. 아래 메뉴에서 골라보시겠어요?","","6","Bad","","","","","","todo",""
"201","[요금제] 요금제 납부 방식을 변경하고 싶습니다.","","","Fallback","","false","0","","","아직 학습 중이에요. 아래 메뉴에서 골라보시겠어요?","","10","Bad","","","","","","todo",""
"202","[요금제] 사용 중인 블루링크 요금제가 궁금합니다.","","","Fallback","","false","0","","","아직 학습 중이에요. 아래 메뉴에서 골라보시겠어요?","","8","Bad","","","","","","todo",""
"203","[가입] 블루링크는 어떻게 가입하나요?","","","Fallback","","false","0","","","아직 학습 중이에요. 아래 메뉴에서 골라보시겠어요?","","7","Bad","","","","","","todo",""
"204","[가입] 중고차를 구입했는데 블루링크에 가입할 수 있나요?","","","Fallback","","false","0","","","아직 학습 중이에요. 아래 메뉴에서 골라보시겠어요?","","6","Bad","","","","","","todo",""
"205","[해지] 블루링크를 해지하고 싶습니다.","","","Fallback","","false","0","","","아직 학습 중이에요. 아래 메뉴에서 골라보시겠어요?","","10","Bad","","","","","","todo",""
"206","[해지] 블루링크 가입 차량을 매각하면 자동으로 해지되나요?","","","Fallback","","false","0","","","아직 학습 중이에요. 아래 메뉴에서 골라보시겠어요?","","7","Bad","","","","","","todo",""
"207","[가입] 법인/리스/렌트 차량도 블루링크를 가입할 수 있나요?","","","Fallback","","false","0","","","아직 학습 중이에요. 아래 메뉴에서 골라보시겠어요?","","9","Bad","","","","","","todo",""
"208","[변경] 가입자 정보는 어떻게 변경하나요?","","","Fallback","","false","0","","","아직 학습 중이에요. 아래 메뉴에서 골라보시겠어요?","","6","Bad","","","","","","todo",""
"209","[가입] 차량 계약자와 실 사용자가 다를 경우 실 사용자 명의로 블루링크를 가입할 수 있나요?","","","Fallback","","false","0","","","아직 학습 중이에요. 아래 메뉴에서 골라보시겠어요?","","12","Bad","","","","","","todo",""
"210","[서비스] SOS 서비스로 긴급출동을 요청했을 경우 제공받을수 있는 서비스는 어떤것이 있나요?","","","Fallback","","false","0","","","센터 관련해서 무엇을 도와드릴까요?","","0","Bad","","","","","","todo",""
"211","[서비스] 도난 경보 알림 서비스는 어떻게 이용하나요?","","","Fallback","","false","0","","","센터 관련해서 무엇을 도와드릴까요?","","0","Bad","","","","","","todo",""
"212","[서비스] 도난 추적 서비스 요청은 어떻게 해야 하나요?","","","Fallback","","false","0","","","센터 관련해서 무엇을 도와드릴까요?","","0","Bad","","","","","","todo",""
"213","[서비스] 에어백 전개 자동통보 서비스는 어떻게 이용하나요?","","","Fallback","","false","0","","","센터 관련해서 무엇을 도와드릴까요?","","0","Bad","","","","","","todo",""
"214","[서비스] 블루링크 단말기는 어디에서 판매 하나요?","","","Fallback","","false","0","","","센터 관련해서 무엇을 도와드릴까요?","","0","Bad","","","","","","todo",""
"215","[앱] 블루링크 앱은 어떻게 사용하나요?","","","Fallback","","false","0","","","아직 학습 중이에요. 아래 메뉴에서 골라보시겠어요?","","5","Bad","","","","","","todo",""
"216","[앱] 블루링크 앱에 여러 대의 차량을 등록할 수 있나요?","","","Fallback","","false","0","","","아직 학습 중이에요. 아래 메뉴에서 골라보시겠어요?","","6","Bad","","","","","","todo",""
"217","[서비스] 월간 리포트가 무엇인가요?","","","Fallback","","false","0","","","센터 관련해서 무엇을 도와드릴까요?","","0","Bad","","","","","","todo",""
"218","[서비스] 자동차전용도로(올림픽도로, 강변북로 등)에서 휘발유가 떨어진 경우에도 긴급 주유 서비스가 제공되나요?","","","Fallback","","false","0","","","센터 관련해서 무엇을 도와드릴까요?","","0","Bad","","","","","","todo",""
"219","[서비스] 긴급 견인 출동 요원이 견인을 하면서 특수 장비가 필요한 경우 추가 비용이 드나요?","","","Fallback","","false","0","","","센터 관련해서 무엇을 도와드릴까요?","","0","Bad","","","","","","todo",""
"220","[서비스] 도난 추적 서비스 요청을 했는데, 추적이 불가능한 경우가 있나요?","","","Fallback","","false","0","","","센터 관련해서 무엇을 도와드릴까요?","","1","Bad","","","","","","todo",""
"221","[앱] 다른 사람에게 블루링크 가입 차량을 공유할 수 있나요?","","","Fallback","","false","0","","","아직 학습 중이에요. 아래 메뉴에서 골라보시겠어요?","","10","Bad","","","","","","todo",""
"222","[서비스] 차량진단 관리 서비스는 어떻게 이용하나요?","","","Fallback","","false","0","","","센터 관련해서 무엇을 도와드릴까요?","","0","Bad","","","","","","todo",""
"223","출고 이후 카드키만 따로 구매 가능한가요?","","","Fallback","","false","0","","","아직 학습 중이에요. 아래 메뉴에서 골라보시겠어요?","","8","Bad","","","","","","todo",""
"224","디지털 키 App이 계속 자동으로 꺼지는데 어떻게 하나요?","","","Fallback","","false","0","","","아직 학습 중이에요. 아래 메뉴에서 골라보시겠어요?","","6","Bad","","","","","","todo",""
"225","소유 차량 등록 확인은 어떻게 하나요?(중고차, 명의변경)","","","Fallback","","false","0","","","아직 학습 중이에요. 아래 메뉴에서 골라보시겠어요?","","8","Bad","","","","","","todo",""
"226","공동명의 차량인데 차량 등록이 안되는데 어떻게 해야 하나요?","","","Fallback","","false","0","","","아직 학습 중이에요. 아래 메뉴에서 골라보시겠어요?","","8","Bad","","","","","","todo",""
"227","휴대폰 nfc기능이 인식이 안돼요. 어떻게 해야하나요?","","","Fallback","","false","0","","","아직 학습 중이에요. 아래 메뉴에서 골라보시겠어요?","","4","Bad","","","","","","todo",""
"228","핀번호 잊은 경우에는 어떻게 하나요?","","","Fallback","","false","0","","","아직 학습 중이에요. 아래 메뉴에서 골라보시겠어요?","","5","Bad","","","","","","todo",""
"229","안드로이드 OS 버전, 블루투스 버전 확인 방법은 어떻게 되나요?","","","Fallback","","false","0","","","아직 학습 중이에요. 아래 메뉴에서 골라보시겠어요?","","6","Bad","","","","","","todo",""
"230","NFC 카드키 등록은 어떻게 하나요?","","","Fallback","","false","0","","","아직 학습 중이에요. 아래 메뉴에서 골라보시겠어요?","","5","Bad","","","","","","todo",""
"231","LG 핸드폰은 GPS ON 해야 디지털키 사용이 가능한가요?","","","Fallback","","false","0","","","아직 학습 중이에요. 아래 메뉴에서 골라보시겠어요?","","7","Bad","","","","","","todo",""
"232","법인 구매 고객은 주사용자 등록을 어떻게 하나요?","","","Fallback","","false","0","","","아직 학습 중이에요. 아래 메뉴에서 골라보시겠어요?","","6","Bad","","","","","","todo",""
"233","데이터가 없거나 수신이 안되는 지역에서도 사용이 가능한가요?","","","Fallback","","false","0","","","아직 학습 중이에요. 아래 메뉴에서 골라보시겠어요?","","6","Bad","","","","","","todo",""
"234","개인화 설정 방법은?","","","Fallback","","false","0","","","아직 학습 중이에요. 아래 메뉴에서 골라보시겠어요?","","4","Bad","","","","","","todo",""
"235","아이폰에 있는 유심 뽑아서 안드로이드 공기계에 넣어서 등록 가능한가요?","","","Fallback","","false","0","","","아직 학습 중이에요. 아래 메뉴에서 골라보시겠어요?","","8","Bad","","","","","","todo",""
"236","차량 등록 확인 시 업무 시간이 아니라는 메시지 팝업이 뜹니다.","","","Fallback","","false","0","","","아직 학습 중이에요. 아래 메뉴에서 골라보시겠어요?","","8","Bad","","","","","","todo",""
"237","어플 삭제 후 재 설치 시 차량 정보 조회 오류가 발생합니다.","","","Fallback","","false","0","","","아직 학습 중이에요. 아래 메뉴에서 골라보시겠어요?","","9","Bad","","","","","","todo",""
"238","미지원 기종은 아예 앱스토어 '현대 디지털 키' 어플 검색 불가한가요?","","","Fallback","","false","0","","","아직 학습 중이에요. 아래 메뉴에서 골라보시겠어요?","","8","Bad","","","","","","todo",""
"239","홈페이지 지원기종 탭에 없지만 최신 기종 이라면 언제 업데이트 예정인가요?","","","Fallback","","false","0","","","무엇을 도와드릴까요? 현대차 디지털 쇼룸입니다.","","0","Bad","","","","","","todo",""
"240","빌트인 캠 녹화 영상이 없습니다. 어떻게 해야 하나요?","","","Fallback","","false","0","","","아직 학습 중이에요. 아래 메뉴에서 골라보시겠어요?","","8","Bad","","","","","","todo",""
"241","업데이트 할 때 에러가 발생합니다. 어떻게 해야 하나요?","","","Fallback","","false","0","","","아직 학습 중이에요. 아래 메뉴에서 골라보시겠어요?","","6","Bad","","","","","","todo",""
"242","스마트폰 USB 케이블 연결이 잘 안됩니다. 어떻게 해야 하나요?","","","Fallback","","false","0","","","아직 학습 중이에요. 아래 메뉴에서 골라보시겠어요?","","7","Bad","","","","","","todo",""
"243","이벤트 알림을 설정했는데도 알림 메세지가 오지 않습니다. 어떻게 해야 하나요?","","","Fallback","","false","0","","","현재 이용 가능한 혜택을 안내드릴게요.","","0","Bad","","","","","","todo",""
"244","녹화영상 관리 방법이 궁금합니다.","","","Fallback","","false","0","","","아직 학습 중이에요. 아래 메뉴에서 골라보시겠어요?","","3","Bad","","","","","","todo",""
"245","빌트인 캠 업데이트를 하지 않으면 영상 녹화가 안되나요?","","","Fallback","","false","0","","","아직 학습 중이에요. 아래 메뉴에서 골라보시겠어요?","","6","Bad","","","","","","todo",""
"246","USB메모리 저장버튼이 활성화가 안됩니다. 어떻게 해야 하나요?","","","Fallback","","false","0","","","아직 학습 중이에요. 아래 메뉴에서 골라보시겠어요?","","7","Bad","","","","","","todo",""
"247","특허 제안 하는 방법 안내","","","Fallback","","false","0","","","아직 학습 중이에요. 아래 메뉴에서 골라보시겠어요?","","4","Bad","","","","","","todo",""
"248","블루링크 가입 방법","","","Fallback","","false","0","","","아직 학습 중이에요. 아래 메뉴에서 골라보시겠어요?","","2","Bad","","","","","","todo",""
"249","블루링크 본인인증 오류","","","Fallback","","false","0","","","아직 학습 중이에요. 아래 메뉴에서 골라보시겠어요?","","3","Bad","","","","","","todo",""
"250","블루링크 차량 등록 방법","","","Fallback","","false","0","","","아직 학습 중이에요. 아래 메뉴에서 골라보시겠어요?","","5","Bad","","","","","","todo",""
"251","블루링크 해지 방법","","","Fallback","","false","0","","","아직 학습 중이에요. 아래 메뉴에서 골라보시겠어요?","","4","Bad","","","","","","todo",""
"252","블루링크 재가입 가능 여부","","","Fallback","","false","0","","","아직 학습 중이에요. 아래 메뉴에서 골라보시겠어요?","","4","Bad","","","","","","todo",""
"253","블루링크 앱 설치 경로","","","Fallback","","false","0","","","아직 학습 중이에요. 아래 메뉴에서 골라보시겠어요?","","5","Bad","","","","","","todo",""
"254","블루링크 요금제 확인","","","Fallback","","false","0","","","아직 학습 중이에요. 아래 메뉴에서 골라보시겠어요?","","3","Bad","","","","","","todo",""
"255","블루링크 고객센터 연결","","","Fallback","","false","0","","","센터 관련해서 무엇을 도와드릴까요?","","0","Bad","","","","","","todo",""
"256","현대 디지털키 등록 방법","","","Fallback","","false","0","","","아직 학습 중이에요. 아래 메뉴에서 골라보시겠어요?","","5","Bad","","","","","","todo",""
"257","디지털키 삭제 방법","","","Fallback","","false","0","","","아직 학습 중이에요. 아래 메뉴에서 골라보시겠어요?","","4","Bad","","","","","","todo",""
"258","스마트폰 기기 변경 시 디지털키 이전","","","Fallback","","false","0","","","아직 학습 중이에요. 아래 메뉴에서 골라보시겠어요?","","5","Bad","","","","","","todo",""
"259","NFC 키와 디지털키 차이","","","Fallback","","false","0","","","아직 학습 중이에요. 아래 메뉴에서 골라보시겠어요?","","4","Bad","","","","","","todo",""
"260","디지털키 공유 방법","","","Fallback","","false","0","","","아직 학습 중이에요. 아래 메뉴에서 골라보시겠어요?","","4","Bad","","","","","","todo",""
"261","디지털키 사용 불가 시","","","Fallback","","false","0","","","아직 학습 중이에요. 아래 메뉴에서 골라보시겠어요?","","4","Bad","","","","","","todo",""
"262","차량 가격표 확인 방법","","","RAG","","false","0","","https://www.hyundai.com/kr/ko/e/vehicles/catalog-price-download","차량 가격은 모델·사양·시점에 따라 달라요. 공식 홈페이지 가격표를 확인해보시겠어요?  ※ 가격·보증·프로모션은 지역/시점/사양에 따라 상이하며, 공식 경로 기준입니다.","","0","Bad","","","","","","todo",""
"263","구매 프로모션 확인","","","Fallback","","false","0","","","현재 이용 가능한 혜택을 안내드릴게요.","","0","Bad","","","","","","todo",""
"264","전기차 보조금 신청 방법","","","Fallback","","false","0","","","전기차 몇 가지를 추천드려요.  ※ 가격·보증·프로모션은 지역/시점/사양에 따라 상이하며, 공식 경로 기준입니다.","","0","Bad","","","","","","todo",""
"265","할부/리스 금융상품 안내","","","Fallback","","false","0","","","아직 학습 중이에요. 아래 메뉴에서 골라보시겠어요?","","5","Bad","","","","","","todo",""
"266","견적 산출 방법","","","Fallback","","false","0","","","해당 기능은 곧 오픈 예정입니다.","","0","Bad","","","","","","todo",""
"267","중고차 보증 승계 여부","","","RAG","","false","0","","https://www.hyundai.com/kr/ko/purchase-event/policy-Information/warranty/normal-period","현대자동차 보증기간은 차종·부품별로 다릅니다. 기본 보증 안내를 열어드릴까요?  ※ 가격·보증·프로모션은 지역/시점/사양에 따라 상이하며, 공식 경로 기준입니다.","","0","Bad","","","","","","todo",""
"268","서비스센터 예약 방법","","","Fallback","","false","0","","","가까운 서비스센터 몇 곳을 보여드려요.","","0","Bad","","","","","","todo",""
"269","가까운 서비스센터 찾기","","","Fallback","","false","0","","","가까운 서비스센터 몇 곳을 보여드려요.","","0","Bad","","","","","","todo",""
"270","서비스센터 운영 시간","","","Fallback","","false","0","","","가까운 서비스센터 몇 곳을 보여드려요.","","0","Bad","","","","","","todo",""
"271","긴급 출동 서비스 신청","","","Fallback","","false","0","","","센터 관련해서 무엇을 도와드릴까요?","","1","Bad","","","","","","todo",""
"272","무상점검 서비스 안내","","","Fallback","","false","0","","","센터 관련해서 무엇을 도와드릴까요?","","0","Bad","","","","","","todo",""
"273","리콜 확인 방법","","","Fallback","","false","0","","","아직 학습 중이에요. 아래 메뉴에서 골라보시겠어요?  ※ 가격·보증·프로모션은 지역/시점/사양에 따라 상이하며, 공식 경로 기준입니다.","","3","Bad","","","","","","todo",""
"274","사고 수리 절차","","","Fallback","","false","0","","","아직 학습 중이에요. 아래 메뉴에서 골라보시겠어요?","","3","Bad","","","","","","todo",""
"275","보증 수리 가능 항목","","","RAG","","false","0","","https://www.hyundai.com/kr/ko/purchase-event/policy-Information/warranty/normal-period","현대자동차 보증기간은 차종·부품별로 다릅니다. 기본 보증 안내를 열어드릴까요?  ※ 가격·보증·프로모션은 지역/시점/사양에 따라 상이하며, 공식 경로 기준입니다.","","0","Bad","","","","","","todo",""
"276","기본 보증기간","","","RAG","","false","0","","https://www.hyundai.com/kr/ko/purchase-event/policy-Information/warranty/normal-period","현대자동차 보증기간은 차종·부품별로 다릅니다. 기본 보증 안내를 열어드릴까요?  ※ 가격·보증·프로모션은 지역/시점/사양에 따라 상이하며, 공식 경로 기준입니다.","","0","Bad","","","","","","todo",""
"277","배터리 보증기간","","","RAG","","false","0","","https://www.hyundai.com/kr/ko/purchase-event/policy-Information/warranty/normal-period","현대자동차 보증기간은 차종·부품별로 다릅니다. 기본 보증 안내를 열어드릴까요?  ※ 가격·보증·프로모션은 지역/시점/사양에 따라 상이하며, 공식 경로 기준입니다.","","0","Bad","","","","","","todo",""
"278","하이브리드/EV 특수 부품 보증","","","Fallback","","false","0","","","어떤 정보를 원하세요?","","0","Bad","","","","","","todo",""
"279","소모품 보증 여부","","","RAG","","false","0","","https://www.hyundai.com/kr/ko/purchase-event/policy-Information/warranty/normal-period","현대자동차 보증기간은 차종·부품별로 다릅니다. 기본 보증 안내를 열어드릴까요?  ※ 가격·보증·프로모션은 지역/시점/사양에 따라 상이하며, 공식 경로 기준입니다.","","0","Bad","","","","","","todo",""
"280","보증 연장 프로그램","","","RAG","","false","0","","https://www.hyundai.com/kr/ko/purchase-event/policy-Information/warranty/normal-period","현대자동차 보증기간은 차종·부품별로 다릅니다. 기본 보증 안내를 열어드릴까요?  ※ 가격·보증·프로모션은 지역/시점/사양에 따라 상이하며, 공식 경로 기준입니다.","","1","Bad","","","","","","todo",""
"281","보증 제외 항목","","","RAG","","false","0","","https://www.hyundai.com/kr/ko/purchase-event/policy-Information/warranty/normal-period","현대자동차 보증기간은 차종·부품별로 다릅니다. 기본 보증 안내를 열어드릴까요?  ※ 가격·보증·프로모션은 지역/시점/사양에 따라 상이하며, 공식 경로 기준입니다.","","0","Bad","","","","","","todo",""
"282","내비게이션 지도 업데이트 방법","","","Fallback","","false","0","","","아직 학습 중이에요. 아래 메뉴에서 골라보시겠어요?","","4","Bad","","","","","","todo",""
"283","OTA 업데이트 지원 여부","","","Fallback","","false","0","","","아직 학습 중이에요. 아래 메뉴에서 골라보시겠어요?","","3","Bad","","","","","","todo",""
"284","내비게이션 오류 초기화 방법","","","Fallback","","false","0","","","아직 학습 중이에요. 아래 메뉴에서 골라보시겠어요?","","3","Bad","","","","","","todo",""
"285","업데이트 시 주의 사항","","","Fallback","","false","0","","","아직 학습 중이에요. 아래 메뉴에서 골라보시겠어요?","","3","Bad","","","","","","todo",""
"286","EV 충전소 위치 확인 방법","","","Fallback","","false","0","","","어떤 정보를 원하세요?","","0","Bad","","","","","","todo",""
"287","완속/급속 충전 차이","","","Fallback","","false","0","","","어떤 정보를 원하세요?","","0","Bad","","","","","","todo",""
"288","충전 요금 확인","","","Fallback","","false","0","","","어떤 정보를 원하세요?","","0","Bad","","","","","","todo",""
"289","충전기 오류 시 대처","","","Fallback","","false","0","","","어떤 정보를 원하세요?","","0","Bad","","","","","","todo",""
"290","EV 배터리 관리 팁","","","Fallback","","false","0","","","어떤 정보를 원하세요?","","0","Bad","","","","","","todo",""
"291","출고 일정 확인 방법","","","Fallback","","false","0","","","아직 학습 중이에요. 아래 메뉴에서 골라보시겠어요?","","4","Bad","","","","","","todo",""
"292","차량 매뉴얼 다운로드","","","Fallback","","false","0","","","아직 학습 중이에요. 아래 메뉴에서 골라보시겠어요?","","4","Bad","","","","","","todo",""
"293","현대차 앱 설치/회원가입","","","Fallback","","false","0","","","아직 학습 중이에요. 아래 메뉴에서 골라보시겠어요?","","5","Bad","","","","","","todo",""
"294","고객센터 연락처","","","Fallback","","false","0","","","센터 관련해서 무엇을 도와드릴까요?","","0","Bad","","","","","","todo",""
"295","이벤트/프로모션 페이지","","","Fallback","","false","0","","","현재 이용 가능한 혜택을 안내드릴게요.","","0","Bad","","","","","","todo",""
"296","현대차 구매 절차","","","Fallback","","false","0","","","아직 학습 중이에요. 아래 메뉴에서 골라보시겠어요?","","3","Bad","","","","","","todo",""